Timepoint,Sample,Colony,Survivorship,Polyps,Treatment,Richness.Type
Initial,AS-1-1,806-42,1,3,High,Single
S1D3,AS-1-1,806-42,1,5,High,Single
S2R1,AS-1-1,806-42,0,NA,High,Single
S2D2,AS-1-1,806-42,0,NA,High,Single
S2D8,AS-1-1,806-42,0,NA,High,Single
S2D11,AS-1-1,806-42,0,NA,High,Single
End,AS-1-1,806-42,0,NA,High,Single
Initial,AS-10-1,806-42,1,4,High,Single
S1D3,AS-10-1,806-42,1,4,High,Single
S2R1,AS-10-1,806-42,1,4,High,Single
S2D2,AS-10-1,806-42,1,4,High,Single
S2D8,AS-10-1,806-42,1,6,High,Single
S2D11,AS-10-1,806-42,0,NA,High,Single
End,AS-10-1,806-42,0,NA,High,Single
Initial,AS-2-1,815-25,1,1,Ambient,Single
S1D3,AS-2-1,815-25,1,1,Ambient,Single
S2R1,AS-2-1,815-25,1,1,Ambient,Single
S2D2,AS-2-1,815-25,1,1,Ambient,Single
S2D8,AS-2-1,815-25,1,2,Ambient,Single
S2D11,AS-2-1,815-25,1,2,Ambient,Single
End,AS-2-1,815-25,1,1,Ambient,Single
Initial,AS-3-1,744-1,1,3,High,Single
S1D3,AS-3-1,744-1,1,4,High,Single
S2R1,AS-3-1,744-1,1,3,High,Single
S2D2,AS-3-1,744-1,1,3,High,Single
S2D8,AS-3-1,744-1,1,4,High,Single
S2D11,AS-3-1,744-1,1,2,High,Single
End,AS-3-1,744-1,0,NA,High,Single
Initial,AS-4-1,807-42,1,3,Ambient,Single
S1D3,AS-4-1,807-42,1,3,Ambient,Single
S2R1,AS-4-1,807-42,1,3,Ambient,Single
S2D2,AS-4-1,807-42,1,3,Ambient,Single
S2D8,AS-4-1,807-42,1,2,Ambient,Single
S2D11,AS-4-1,807-42,1,4,Ambient,Single
End,AS-4-1,807-42,1,4,Ambient,Single
Initial,AS-5-1,824-1,1,4,High,Single
S1D3,AS-5-1,824-1,1,4,High,Single
S2R1,AS-5-1,824-1,1,4,High,Single
S2D2,AS-5-1,824-1,1,4,High,Single
S2D8,AS-5-1,824-1,0,NA,High,Single
S2D11,AS-5-1,824-1,0,NA,High,Single
End,AS-5-1,824-1,0,NA,High,Single
Initial,AS-6-1,807-42,1,2,High,Single
S1D3,AS-6-1,807-42,1,4,High,Single
S2R1,AS-6-1,807-42,1,4,High,Single
S2D2,AS-6-1,807-42,1,4,High,Single
S2D8,AS-6-1,807-42,1,3,High,Single
S2D11,AS-6-1,807-42,0,NA,High,Single
End,AS-6-1,807-42,0,NA,High,Single
Initial,AS-7-1,742-F,1,2,Ambient,Single
S1D3,AS-7-1,742-F,1,3,Ambient,Single
S2R1,AS-7-1,742-F,1,3,Ambient,Single
S2D2,AS-7-1,742-F,1,3,Ambient,Single
S2D8,AS-7-1,742-F,1,4,Ambient,Single
S2D11,AS-7-1,742-F,1,5,Ambient,Single
End,AS-7-1,742-F,1,5,Ambient,Single
Initial,JS-1-1,813-25,1,5,Ambient,Single
S1D3,JS-1-1,813-25,1,6,Ambient,Single
S2R1,JS-1-1,813-25,1,4,Ambient,Single
S2D2,JS-1-1,813-25,1,4,Ambient,Single
S2D8,JS-1-1,813-25,1,4,Ambient,Single
S2D11,JS-1-1,813-25,1,3,Ambient,Single
End,JS-1-1,813-25,1,3,Ambient,Single
Initial,JS-10-1,841-47,1,4,High,Single
S1D3,JS-10-1,841-47,1,4,High,Single
S2R1,JS-10-1,841-47,1,4,High,Single
S2D2,JS-10-1,841-47,1,4,High,Single
S2D8,JS-10-1,841-47,1,4,High,Single
S2D11,JS-10-1,841-47,0,NA,High,Single
End,JS-10-1,841-47,0,NA,High,Single
Initial,JS-11-1,841-47,1,3,Ambient,Single
S1D3,JS-11-1,841-47,1,3,Ambient,Single
S2R1,JS-11-1,841-47,1,3,Ambient,Single
S2D2,JS-11-1,841-47,1,4,Ambient,Single
S2D8,JS-11-1,841-47,1,5,Ambient,Single
S2D11,JS-11-1,841-47,1,7,Ambient,Single
End,JS-11-1,841-47,1,5,Ambient,Single
Initial,JS-12-1,841-47,1,4,High,Single
S1D3,JS-12-1,841-47,1,6,High,Single
S2R1,JS-12-1,841-47,0,NA,High,Single
S2D2,JS-12-1,841-47,0,NA,High,Single
S2D8,JS-12-1,841-47,0,NA,High,Single
S2D11,JS-12-1,841-47,0,NA,High,Single
End,JS-12-1,841-47,0,NA,High,Single
Initial,JS-13-1,812-25,1,3,Ambient,Single
S1D3,JS-13-1,812-25,1,4,Ambient,Single
S2R1,JS-13-1,812-25,1,5,Ambient,Single
S2D2,JS-13-1,812-25,1,5,Ambient,Single
S2D8,JS-13-1,812-25,1,7,Ambient,Single
S2D11,JS-13-1,812-25,1,7,Ambient,Single
End,JS-13-1,812-25,1,7,Ambient,Single
Initial,JS-14-1,812-25,1,2,High,Single
S1D3,JS-14-1,812-25,1,4,High,Single
S2R1,JS-14-1,812-25,1,4,High,Single
S2D2,JS-14-1,812-25,1,4,High,Single
S2D8,JS-14-1,812-25,1,3,High,Single
S2D11,JS-14-1,812-25,0,NA,High,Single
End,JS-14-1,812-25,0,NA,High,Single
Initial,JS-15-1,812-25,1,1,High,Single
S1D3,JS-15-1,812-25,1,3,High,Single
S2R1,JS-15-1,812-25,0,NA,High,Single
S2D2,JS-15-1,812-25,0,NA,High,Single
S2D8,JS-15-1,812-25,0,NA,High,Single
S2D11,JS-15-1,812-25,0,NA,High,Single
End,JS-15-1,812-25,0,NA,High,Single
Initial,JS-16-1,812-25,1,1,High,Single
S1D3,JS-16-1,812-25,1,2,High,Single
S2R1,JS-16-1,812-25,1,3,High,Single
S2D2,JS-16-1,812-25,1,2,High,Single
S2D8,JS-16-1,812-25,1,2,High,Single
S2D11,JS-16-1,812-25,0,NA,High,Single
End,JS-16-1,812-25,0,NA,High,Single
Initial,JS-17-1,801-47,1,4,High,Single
S1D3,JS-17-1,801-47,1,4,High,Single
S2R1,JS-17-1,801-47,1,5,High,Single
S2D2,JS-17-1,801-47,1,6,High,Single
S2D8,JS-17-1,801-47,1,4,High,Single
S2D11,JS-17-1,801-47,0,NA,High,Single
End,JS-17-1,801-47,0,NA,High,Single
Initial,JS-2-1,813-25,1,6,High,Single
S1D3,JS-2-1,813-25,1,6,High,Single
S2R1,JS-2-1,813-25,1,6,High,Single
S2D2,JS-2-1,813-25,1,6,High,Single
S2D8,JS-2-1,813-25,1,7,High,Single
S2D11,JS-2-1,813-25,0,NA,High,Single
End,JS-2-1,813-25,0,NA,High,Single
Initial,JS-23-1,742-F,1,2,High,Single
S1D3,JS-23-1,742-F,1,3,High,Single
S2R1,JS-23-1,742-F,1,4,High,Single
S2D2,JS-23-1,742-F,1,4,High,Single
S2D8,JS-23-1,742-F,1,4,High,Single
S2D11,JS-23-1,742-F,1,3,High,Single
End,JS-23-1,742-F,0,NA,High,Single
Initial,JS-24-1,742-F,1,3,High,Single
S1D3,JS-24-1,742-F,1,3,High,Single
S2R1,JS-24-1,742-F,1,4,High,Single
S2D2,JS-24-1,742-F,1,3,High,Single
S2D8,JS-24-1,742-F,1,4,High,Single
S2D11,JS-24-1,742-F,0,NA,High,Single
End,JS-24-1,742-F,0,NA,High,Single
Initial,JS-25-1,742-F,1,3,Ambient,Single
S1D3,JS-25-1,742-F,1,3,Ambient,Single
S2R1,JS-25-1,742-F,1,3,Ambient,Single
S2D2,JS-25-1,742-F,1,3,Ambient,Single
S2D8,JS-25-1,742-F,1,4,Ambient,Single
S2D11,JS-25-1,742-F,1,4,Ambient,Single
End,JS-25-1,742-F,1,4,Ambient,Single
Initial,JS-26-1,742-F,1,2,Ambient,Single
S1D3,JS-26-1,742-F,1,2,Ambient,Single
S2R1,JS-26-1,742-F,1,2,Ambient,Single
S2D2,JS-26-1,742-F,1,3,Ambient,Single
S2D8,JS-26-1,742-F,1,3,Ambient,Single
S2D11,JS-26-1,742-F,1,3,Ambient,Single
End,JS-26-1,742-F,1,3,Ambient,Single
Initial,JS-27-1,821-47,1,3,Ambient,Single
S1D3,JS-27-1,821-47,1,4,Ambient,Single
S2R1,JS-27-1,821-47,1,4,Ambient,Single
S2D2,JS-27-1,821-47,1,4,Ambient,Single
S2D8,JS-27-1,821-47,1,5,Ambient,Single
S2D11,JS-27-1,821-47,1,5,Ambient,Single
End,JS-27-1,821-47,1,6,Ambient,Single
Initial,JS-28-1,821-47,1,5,Ambient,Single
S1D3,JS-28-1,821-47,1,5,Ambient,Single
S2R1,JS-28-1,821-47,0,NA,Ambient,Single
S2D2,JS-28-1,821-47,0,NA,Ambient,Single
S2D8,JS-28-1,821-47,0,NA,Ambient,Single
S2D11,JS-28-1,821-47,0,NA,Ambient,Single
End,JS-28-1,821-47,0,NA,Ambient,Single
Initial,JS-29-1,807-42,1,5,High,Single
S1D3,JS-29-1,807-42,1,5,High,Single
S2R1,JS-29-1,807-42,1,6,High,Single
S2D2,JS-29-1,807-42,1,6,High,Single
S2D8,JS-29-1,807-42,1,6,High,Single
S2D11,JS-29-1,807-42,0,NA,High,Single
End,JS-29-1,807-42,0,NA,High,Single
Initial,JS-3-1,813-25,1,4,High,Single
S1D3,JS-3-1,813-25,1,5,High,Single
S2R1,JS-3-1,813-25,1,6,High,Single
S2D2,JS-3-1,813-25,1,6,High,Single
S2D8,JS-3-1,813-25,1,5,High,Single
S2D11,JS-3-1,813-25,0,NA,High,Single
End,JS-3-1,813-25,0,NA,High,Single
Initial,JS-30-1,807-42,1,6,Ambient,Single
S1D3,JS-30-1,807-42,1,6,Ambient,Single
S2R1,JS-30-1,807-42,1,6,Ambient,Single
S2D2,JS-30-1,807-42,1,7,Ambient,Single
S2D8,JS-30-1,807-42,1,8,Ambient,Single
S2D11,JS-30-1,807-42,1,9,Ambient,Single
End,JS-30-1,807-42,1,9,Ambient,Single
Initial,JS-31-1,807-42,1,6,Ambient,Single
S1D3,JS-31-1,807-42,1,6,Ambient,Single
S2R1,JS-31-1,807-42,1,6,Ambient,Single
S2D2,JS-31-1,807-42,1,6,Ambient,Single
S2D8,JS-31-1,807-42,1,7,Ambient,Single
S2D11,JS-31-1,807-42,1,8,Ambient,Single
End,JS-31-1,807-42,1,12,Ambient,Single
Initial,JS-33-1,743-13,1,4,Ambient,Single
S1D3,JS-33-1,743-13,1,5,Ambient,Single
S2R1,JS-33-1,743-13,1,5,Ambient,Single
S2D2,JS-33-1,743-13,1,6,Ambient,Single
S2D8,JS-33-1,743-13,1,7,Ambient,Single
S2D11,JS-33-1,743-13,1,7,Ambient,Single
End,JS-33-1,743-13,1,7,Ambient,Single
Initial,JS-35-1,744-1,1,2,High,Single
S1D3,JS-35-1,744-1,1,3,High,Single
S2R1,JS-35-1,744-1,1,4,High,Single
S2D2,JS-35-1,744-1,1,4,High,Single
S2D8,JS-35-1,744-1,1,4,High,Single
S2D11,JS-35-1,744-1,0,NA ,High,Single
End,JS-35-1,744-1,0,NA ,High,Single
Initial,JS-36-1,744-1,1,2,High,Single
S1D3,JS-36-1,744-1,1,2,High,Single
S2R1,JS-36-1,744-1,1,2,High,Single
S2D2,JS-36-1,744-1,1,2,High,Single
S2D8,JS-36-1,744-1,1,2,High,Single
S2D11,JS-36-1,744-1,0,NA ,High,Single
End,JS-36-1,744-1,0,NA ,High,Single
Initial,JS-37-1,806-42,1,5,Ambient,Single
S1D3,JS-37-1,806-42,1,5,Ambient,Single
S2R1,JS-37-1,806-42,1,5,Ambient,Single
S2D2,JS-37-1,806-42,1,7,Ambient,Single
S2D8,JS-37-1,806-42,1,9,Ambient,Single
S2D11,JS-37-1,806-42,1,9,Ambient,Single
End,JS-37-1,806-42,1,8,Ambient,Single
Initial,JS-38-1,806-42,1,5,Ambient,Single
S1D3,JS-38-1,806-42,1,5,Ambient,Single
S2R1,JS-38-1,806-42,1,5,Ambient,Single
S2D2,JS-38-1,806-42,1,5,Ambient,Single
S2D8,JS-38-1,806-42,1,6,Ambient,Single
S2D11,JS-38-1,806-42,1,7,Ambient,Single
End,JS-38-1,806-42,1,7,Ambient,Single
Initial,JS-39-1,806-42,1,2,Ambient,Single
S1D3,JS-39-1,806-42,1,3,High,Single
S2R1,JS-39-1,806-42,0,NA,High,Single
S2D2,JS-39-1,806-42,0,NA,High,Single
S2D8,JS-39-1,806-42,0,NA,High,Single
S2D11,JS-39-1,806-42,0,NA,High,Single
End,JS-39-1,806-42,0,NA,High,Single
Initial,JS-40-1,806-42,1,3,High,Single
S1D3,JS-40-1,806-42,1,3,High,Single
S2R1,JS-40-1,806-42,0,NA,High,Single
S2D2,JS-40-1,806-42,0,NA,High,Single
S2D8,JS-40-1,806-42,0,NA,High,Single
S2D11,JS-40-1,806-42,0,NA,High,Single
End,JS-40-1,806-42,0,NA,High,Single
Initial,JS-41-1,813-25,1,7,High,Single
S1D3,JS-41-1,813-25,1,7,High,Single
S2R1,JS-41-1,813-25,1,7,High,Single
S2D2,JS-41-1,813-25,1,7,High,Single
S2D8,JS-41-1,813-25,1,7,High,Single
S2D11,JS-41-1,813-25,0,NA,High,Single
End,JS-41-1,813-25,0,NA,High,Single
Initial,JS-42-1,813-25,1,8,Ambient,Single
S1D3,JS-42-1,813-25,1,8,Ambient,Single
S2R1,JS-42-1,813-25,1,8,Ambient,Single
S2D2,JS-42-1,813-25,1,8,Ambient,Single
S2D8,JS-42-1,813-25,1,8,Ambient,Single
S2D11,JS-42-1,813-25,1,9,Ambient,Single
End,JS-42-1,813-25,1,10,Ambient,Single
Initial,JS-43-1,742-F,1,3,High,Single
S1D3,JS-43-1,742-F,1,3,High,Single
S2R1,JS-43-1,742-F,1,3,High,Single
S2D2,JS-43-1,742-F,1,3,High,Single
S2D8,JS-43-1,742-F,1,3,High,Single
S2D11,JS-43-1,742-F,0,NA,High,Single
End,JS-43-1,742-F,0,NA,High,Single
Initial,JS-44-1,801-47,1,2,High,Single
S1D3,JS-44-1,801-47,1,3,High,Single
S2R1,JS-44-1,801-47,1,3,High,Single
S2D2,JS-44-1,801-47,0,NA,High,Single
S2D8,JS-44-1,801-47,0,NA,High,Single
S2D11,JS-44-1,801-47,0,NA,High,Single
End,JS-44-1,801-47,0,NA,High,Single
Initial,JS-45-1,806-42,1,2,High,Single
S1D3,JS-45-1,806-42,1,2,High,Single
S2R1,JS-45-1,806-42,1,2,High,Single
S2D2,JS-45-1,806-42,1,3,High,Single
S2D8,JS-45-1,806-42,0,NA,High,Single
S2D11,JS-45-1,806-42,0,NA,High,Single
End,JS-45-1,806-42,0,NA,High,Single
Initial,JS-46-1,806-42,1,2,Ambient,Single
S1D3,JS-46-1,806-42,1,4,Ambient,Single
S2R1,JS-46-1,806-42,1,4,Ambient,Single
S2D2,JS-46-1,806-42,1,4,Ambient,Single
S2D8,JS-46-1,806-42,1,5,Ambient,Single
S2D11,JS-46-1,806-42,1,6,Ambient,Single
End,JS-46-1,806-42,1,6,Ambient,Single
Initial,JS-47-1,806-42,1,1,Ambient,Single
S1D3,JS-47-1,806-42,1,2,Ambient,Single
S2R1,JS-47-1,806-42,1,3,Ambient,Single
S2D2,JS-47-1,806-42,1,3,Ambient,Single
S2D8,JS-47-1,806-42,1,4,Ambient,Single
S2D11,JS-47-1,806-42,1,4,Ambient,Single
End,JS-47-1,806-42,1,5,Ambient,Single
Initial,JS-48-1,823-1,1,8,Ambient,Single
S1D3,JS-48-1,823-1,1,8,Ambient,Single
S2R1,JS-48-1,823-1,1,8,Ambient,Single
S2D2,JS-48-1,823-1,1,8,Ambient,Single
S2D8,JS-48-1,823-1,1,10,Ambient,Single
S2D11,JS-48-1,823-1,1,10,Ambient,Single
End,JS-48-1,823-1,1,10,Ambient,Single
Initial,JS-5-1,741-F,1,4,Ambient,Single
S1D3,JS-5-1,741-F,1,4,Ambient,Single
S2R1,JS-5-1,741-F,1,4,Ambient,Single
S2D2,JS-5-1,741-F,1,3,Ambient,Single
S2D8,JS-5-1,741-F,1,4,Ambient,Single
S2D11,JS-5-1,741-F,1,4,Ambient,Single
End,JS-5-1,741-F,1,5,Ambient,Single
Initial,JS-9-1,841-47,1,5,Ambient,Single
S1D3,JS-9-1,841-47,1,5,Ambient,Single
S2R1,JS-9-1,841-47,1,5,Ambient,Single
S2D2,JS-9-1,841-47,1,5,Ambient,Single
S2D8,JS-9-1,841-47,1,6,Ambient,Single
S2D11,JS-9-1,841-47,1,6,Ambient,Single
End,JS-9-1,841-47,1,6,Ambient,Single
Initial,JN-15-1,823-1,1,6,High,Single
S1D3,JN-15-1,823-1,1,6,High,Single
S2R1,JN-15-1,823-1,1,7,High,Single
S2D2,JN-15-1,823-1,1,6,High,Single
S2D8,JN-15-1,823-1,1,7,High,Single
S2D11,JN-15-1,823-1,0,NA,High,Single
End,JN-15-1,823-1,0,NA,High,Single
Initial,JN-17-3,806-42,1,1,Ambient,Single
S1D3,JN-17-3,806-42,1,2,Ambient,Single
S2R1,JN-17-3,806-42,1,2,Ambient,Single
S2D2,JN-17-3,806-42,1,2,Ambient,Single
S2D8,JN-17-3,806-42,1,2,Ambient,Single
S2D11,JN-17-3,806-42,1,2,Ambient,Single
End,JN-17-3,806-42,1,3,Ambient,Single
Initial,AA-8-1,811-47,1,4,High,Single
S1D3,AA-8-1,811-47,1,5,High,Single
S2R1,AA-8-1,811-47,1,5,High,Single
S2D2,AA-8-1,811-47,1,5,High,Single
S2D8,AA-8-1,811-47,1,6,High,Single
S2D11,AA-8-1,811-47,0,NA,High,Single
End,AA-8-1,811-47,0,NA,High,Single
Initial,AA-8-2,811-47,1,5,High,Single
S1D3,AA-8-2,811-47,1,5,High,Single
S2R1,AA-8-2,811-47,1,5,High,Single
S2D2,AA-8-2,811-47,1,7,High,Single
S2D8,AA-8-2,811-47,1,6,High,Single
S2D11,AA-8-2,811-47,0,NA,High,Single
End,AA-8-2,811-47,0,NA,High,Single
Initial,JA-17-1,841-47,1,3,High,Single
S1D3,JA-17-1,841-47,1,3,High,Single
S2R1,JA-17-1,841-47,1,3,High,Single
S2D2,JA-17-1,841-47,1,3,High,Single
S2D8,JA-17-1,841-47,0,NA,High,Single
S2D11,JA-17-1,841-47,0,NA,High,Single
End,JA-17-1,841-47,0,NA,High,Single
Initial,JA-17-2,841-47,1,4,High,Single
S1D3,JA-17-2,841-47,1,5,High,Single
S2R1,JA-17-2,841-47,1,5,High,Single
S2D2,JA-17-2,841-47,1,5,High,Single
S2D8,JA-17-2,841-47,1,3,High,Single
S2D11,JA-17-2,841-47,0,NA,High,Single
End,JA-17-2,841-47,0,NA,High,Single
Initial,JA-18-1,841-47,1,3,High,Single
S1D3,JA-18-1,841-47,1,3,High,Single
S2R1,JA-18-1,841-47,1,3,High,Single
S2D2,JA-18-1,841-47,1,3,High,Single
S2D8,JA-18-1,841-47,1,2,High,Single
S2D11,JA-18-1,841-47,0,NA,High,Single
End,JA-18-1,841-47,0,NA,High,Single
Initial,JA-18-2,841-47,1,4,High,Single
S1D3,JA-18-2,841-47,1,4,High,Single
S2R1,JA-18-2,841-47,1,4,High,Single
S2D2,JA-18-2,841-47,1,4,High,Single
S2D8,JA-18-2,841-47,1,3,High,Single
S2D11,JA-18-2,841-47,0,NA,High,Single
End,JA-18-2,841-47,0,NA,High,Single
Initial,JA-18-3,841-47,1,3,High,Single
S1D3,JA-18-3,841-47,1,4,High,Single
S2R1,JA-18-3,841-47,1,5,High,Single
S2D2,JA-18-3,841-47,1,3,High,Single
S2D8,JA-18-3,841-47,1,3,High,Single
S2D11,JA-18-3,841-47,0,NA,High,Single
End,JA-18-3,841-47,0,NA,High,Single
Initial,JA-19-2,841-47,1,2,Ambient,Single
S1D3,JA-19-2,841-47,1,3,Ambient,Single
S2R1,JA-19-2,841-47,1,4,Ambient,Single
S2D2,JA-19-2,841-47,1,3,Ambient,Single
S2D8,JA-19-2,841-47,1,2,Ambient,Single
S2D11,JA-19-2,841-47,1,2,Ambient,Single
End,JA-19-2,841-47,0,NA,Ambient,Single
Initial,JA-20-2,841-47,1,4,Ambient,Single
S1D3,JA-20-2,841-47,1,5,Ambient,Single
S2R1,JA-20-2,841-47,1,6,Ambient,Single
S2D2,JA-20-2,841-47,1,5,Ambient,Single
S2D8,JA-20-2,841-47,1,7,Ambient,Single
S2D11,JA-20-2,841-47,1,7,Ambient,Single
End,JA-20-2,841-47,1,7,Ambient,Single
Initial,JA-20-3,841-47,1,3,Ambient,Single
S1D3,JA-20-3,841-47,1,4,Ambient,Single
S2R1,JA-20-3,841-47,1,4,Ambient,Single
S2D2,JA-20-3,841-47,0,NA,Ambient,Single
S2D8,JA-20-3,841-47,0,NA,Ambient,Single
S2D11,JA-20-3,841-47,0,NA,Ambient,Single
End,JA-20-3,841-47,0,NA,Ambient,Single
Initial,JA-22-1,812-25,1,4,High,Single
S1D3,JA-22-1,812-25,1,4,High,Single
S2R1,JA-22-1,812-25,1,4,High,Single
S2D2,JA-22-1,812-25,1,5,High,Single
S2D8,JA-22-1,812-25,1,3,High,Single
S2D11,JA-22-1,812-25,0,NA,High,Single
End,JA-22-1,812-25,0,NA,High,Single
Initial,JA-22-3,812-25,1,2,High,Single
S1D3,JA-22-3,812-25,1,2,High,Single
S2R1,JA-22-3,812-25,1,3,High,Single
S2D2,JA-22-3,812-25,1,3,High,Single
S2D8,JA-22-3,812-25,1,1,High,Single
S2D11,JA-22-3,812-25,0,NA,High,Single
End,JA-22-3,812-25,0,NA,High,Single
Initial,JA-22-4,812-25,1,2,High,Single
S1D3,JA-22-4,812-25,1,2,High,Single
S2R1,JA-22-4,812-25,1,3,High,Single
S2D2,JA-22-4,812-25,1,4,High,Single
S2D8,JA-22-4,812-25,1,3,High,Single
S2D11,JA-22-4,812-25,0,NA,High,Single
End,JA-22-4,812-25,0,NA,High,Single
Initial,JA-23-1,801-47,1,3,High,Single
S1D3,JA-23-1,801-47,1,3,High,Single
S2R1,JA-23-1,801-47,1,3,High,Single
S2D2,JA-23-1,801-47,1,3,High,Single
S2D8,JA-23-1,801-47,1,2,High,Single
S2D11,JA-23-1,801-47,0,NA,High,Single
End,JA-23-1,801-47,0,NA,High,Single
Initial,JA-23-2,801-47,1,3,High,Single
S1D3,JA-23-2,801-47,1,4,High,Single
S2R1,JA-23-2,801-47,1,4,High,Single
S2D2,JA-23-2,801-47,1,4,High,Single
S2D8,JA-23-2,801-47,1,3,High,Single
S2D11,JA-23-2,801-47,0,NA,High,Single
End,JA-23-2,801-47,0,NA,High,Single
Initial,JA-23-3,801-47,1,2,High,Single
S1D3,JA-23-3,801-47,1,3,High,Single
S2R1,JA-23-3,801-47,1,2,High,Single
S2D2,JA-23-3,801-47,1,2,High,Single
S2D8,JA-23-3,801-47,0,NA,High,Single
S2D11,JA-23-3,801-47,0,NA,High,Single
End,JA-23-3,801-47,0,NA,High,Single
Initial,JA-24-2,801-47,1,4,High,Single
S1D3,JA-24-2,801-47,1,5,High,Single
S2R1,JA-24-2,801-47,1,5,High,Single
S2D2,JA-24-2,801-47,1,5,High,Single
S2D8,JA-24-2,801-47,1,5,High,Single
S2D11,JA-24-2,801-47,0,NA,High,Single
End,JA-24-2,801-47,0,NA,High,Single
Initial,JA-24-3,801-47,1,5,High,Single
S1D3,JA-24-3,801-47,1,5,High,Single
S2R1,JA-24-3,801-47,1,5,High,Single
S2D2,JA-24-3,801-47,1,2,High,Single
S2D8,JA-24-3,801-47,1,4,High,Single
S2D11,JA-24-3,801-47,0,NA,High,Single
End,JA-24-3,801-47,0,NA,High,Single
Initial,JA-24-4,801-47,1,6,High,Single
S1D3,JA-24-4,801-47,1,6,High,Single
S2R1,JA-24-4,801-47,1,6,High,Single
S2D2,JA-24-4,801-47,1,3,High,Single
S2D8,JA-24-4,801-47,1,4,High,Single
S2D11,JA-24-4,801-47,0,NA,High,Single
End,JA-24-4,801-47,0,NA,High,Single
Initial,JA-26-1,742-F,1,3,High,Single
S1D3,JA-26-1,742-F,1,3,High,Single
S2R1,JA-26-1,742-F,1,3,High,Single
S2D2,JA-26-1,742-F,1,4,High,Single
S2D8,JA-26-1,742-F,1,3,High,Single
S2D11,JA-26-1,742-F,0,NA,High,Single
End,JA-26-1,742-F,0,NA,High,Single
Initial,JA-27-1,742-F,1,3,Ambient,Single
S1D3,JA-27-1,742-F,1,3,Ambient,Single
S2R1,JA-27-1,742-F,1,3,Ambient,Single
S2D2,JA-27-1,742-F,1,3,Ambient,Single
S2D8,JA-27-1,742-F,1,3,Ambient,Single
S2D11,JA-27-1,742-F,1,3,Ambient,Single
End,JA-27-1,742-F,1,4,Ambient,Single
Initial,JA-27-2,742-F,1,5,Ambient,Single
S1D3,JA-27-2,742-F,1,5,Ambient,Single
S2R1,JA-27-2,742-F,1,5,Ambient,Single
S2D2,JA-27-2,742-F,1,5,Ambient,Single
S2D8,JA-27-2,742-F,1,6,Ambient,Single
S2D11,JA-27-2,742-F,1,5,Ambient,Single
End,JA-27-2,742-F,1,7,Ambient,Single
Initial,JA-28-1,742-F,1,2,Ambient,Single
S1D3,JA-28-1,742-F,1,4,Ambient,Single
S2R1,JA-28-1,742-F,1,4,Ambient,Single
S2D2,JA-28-1,742-F,1,4,Ambient,Single
S2D8,JA-28-1,742-F,1,5,Ambient,Single
S2D11,JA-28-1,742-F,0,NA,Ambient,Single
End,JA-28-1,742-F,0,NA,Ambient,Single
Initial,JA-28-2,742-F,1,2,Ambient,Single
S1D3,JA-28-2,742-F,1,4,Ambient,Single
S2R1,JA-28-2,742-F,1,4,Ambient,Single
S2D2,JA-28-2,742-F,1,4,Ambient,Single
S2D8,JA-28-2,742-F,1,5,Ambient,Single
S2D11,JA-28-2,742-F,1,5,Ambient,Single
End,JA-28-2,742-F,0,5,Ambient,Single
Initial,JA-28-3,742-F,1,2,Ambient,Single
S1D3,JA-28-3,742-F,1,2,Ambient,Single
S2R1,JA-28-3,742-F,1,2,Ambient,Single
S2D2,JA-28-3,742-F,1,2,Ambient,Single
S2D8,JA-28-3,742-F,1,2,Ambient,Single
S2D11,JA-28-3,742-F,1,3,Ambient,Single
End,JA-28-3,742-F,1,3,Ambient,Single
Initial,JA-29-1,742-F,1,3,Ambient,Single
S1D3,JA-29-1,742-F,1,3,Ambient,Single
S2R1,JA-29-1,742-F,1,3,Ambient,Single
S2D2,JA-29-1,742-F,1,3,Ambient,Single
S2D8,JA-29-1,742-F,1,3,Ambient,Single
S2D11,JA-29-1,742-F,1,4,Ambient,Single
End,JA-29-1,742-F,1,5,Ambient,Single
Initial,JA-29-2,742-F,1,3,Ambient,Single
S1D3,JA-29-2,742-F,1,4,Ambient,Single
S2R1,JA-29-2,742-F,1,4,Ambient,Single
S2D2,JA-29-2,742-F,1,4,Ambient,Single
S2D8,JA-29-2,742-F,1,4,Ambient,Single
S2D11,JA-29-2,742-F,1,5,Ambient,Single
End,JA-29-2,742-F,1,5,Ambient,Single
Initial,JA-29-3,742-F,1,3,Ambient,Single
S1D3,JA-29-3,742-F,1,3,Ambient,Single
S2R1,JA-29-3,742-F,1,3,Ambient,Single
S2D2,JA-29-3,742-F,1,3,Ambient,Single
S2D8,JA-29-3,742-F,1,5,Ambient,Single
S2D11,JA-29-3,742-F,1,5,Ambient,Single
End,JA-29-3,742-F,1,5,Ambient,Single
Initial,JA-58-1,806-42,1,2,High,Single
S1D3,JA-58-1,806-42,1,4,High,Single
S2R1,JA-58-1,806-42,1,3,High,Single
S2D2,JA-58-1,806-42,1,5,High,Single
S2D8,JA-58-1,806-42,1,4,High,Single
S2D11,JA-58-1,806-42,0,NA,High,Single
End,JA-58-1,806-42,0,NA,High,Single
Initial,JA-58-2,806-42,1,4,High,Single
S1D3,JA-58-2,806-42,1,4,High,Single
S2R1,JA-58-2,806-42,1,4,High,Single
S2D2,JA-58-2,806-42,1,4,High,Single
S2D8,JA-58-2,806-42,1,3,High,Single
S2D11,JA-58-2,806-42,0,NA,High,Single
End,JA-58-2,806-42,0,NA,High,Single
Initial,JA-59-1,806-42,1,1,High,Single
S1D3,JA-59-1,806-42,1,1,High,Single
S2R1,JA-59-1,806-42,1,3,High,Single
S2D2,JA-59-1,806-42,1,4,High,Single
S2D8,JA-59-1,806-42,1,3,High,Single
S2D11,JA-59-1,806-42,0,NA,High,Single
End,JA-59-1,806-42,0,NA,High,Single
Initial,JA-60-1,806-42,1,2,High,Single
S1D3,JA-60-1,806-42,1,3,High,Single
S2R1,JA-60-1,806-42,1,3,High,Single
S2D2,JA-60-1,806-42,1,3,High,Single
S2D8,JA-60-1,806-42,0,NA,High,Single
S2D11,JA-60-1,806-42,0,NA,High,Single
End,JA-60-1,806-42,0,NA,High,Single
Initial,JA-60-2,806-42,1,3,High,Single
S1D3,JA-60-2,806-42,1,4,High,Single
S2R1,JA-60-2,806-42,1,4,High,Single
S2D2,JA-60-2,806-42,1,4,High,Single
S2D8,JA-60-2,806-42,1,3,High,Single
S2D11,JA-60-2,806-42,0,NA,High,Single
End,JA-60-2,806-42,0,NA,High,Single
Initial,JA-64-1,823-1,1,4,Ambient,Single
S1D3,JA-64-1,823-1,1,5,Ambient,Single
S2R1,JA-64-1,823-1,1,5,Ambient,Single
S2D2,JA-64-1,823-1,1,5,Ambient,Single
S2D8,JA-64-1,823-1,1,6,Ambient,Single
S2D11,JA-64-1,823-1,1,6,Ambient,Single
End,JA-64-1,823-1,1,6,Ambient,Single
Initial,JA-64-2,823-1,1,5,Ambient,Single
S1D3,JA-64-2,823-1,1,4,Ambient,Single
S2R1,JA-64-2,823-1,1,5,Ambient,Single
S2D2,JA-64-2,823-1,1,5,Ambient,Single
S2D8,JA-64-2,823-1,1,6,Ambient,Single
S2D11,JA-64-2,823-1,1,6,Ambient,Single
End,JA-64-2,823-1,0,NA,Ambient,Single
Initial,JA-7-1,803-42,1,3,High,Single
S1D3,JA-7-1,803-42,1,4,High,Single
S2R1,JA-7-1,803-42,1,4,High,Single
S2D2,JA-7-1,803-42,1,4,High,Single
S2D8,JA-7-1,803-42,1,4,High,Single
S2D11,JA-7-1,803-42,1,3,High,Single
End,JA-7-1,803-42,0,NA,High,Single
Initial,JA-7-2,803-42,1,2,High,Single
S1D3,JA-7-2,803-42,1,NA,High,Single
S2R1,JA-7-2,803-42,1,NA,High,Single
S2D2,JA-7-2,803-42,1,NA,High,Single
S2D8,JA-7-2,803-42,1,NA,High,Single
S2D11,JA-7-2,803-42,1,NA,High,Single
End,JA-7-2,803-42,0,NA,High,Single
Initial,JA-9-1,750-F,1,2,Ambient,Single
S1D3,JA-9-1,750-F,1,2,Ambient,Single
S2R1,JA-9-1,750-F,1,2,Ambient,Single
S2D2,JA-9-1,750-F,1,2,Ambient,Single
S2D8,JA-9-1,750-F,1,2,Ambient,Single
S2D11,JA-9-1,750-F,1,2,Ambient,Single
End,JA-9-1,750-F,1,2,Ambient,Single
Initial,JA-9-2,750-F,1,2,Ambient,Single
S1D3,JA-9-2,750-F,1,3,Ambient,Single
S2R1,JA-9-2,750-F,1,4,Ambient,Single
S2D2,JA-9-2,750-F,1,4,Ambient,Single
S2D8,JA-9-2,750-F,1,6,Ambient,Single
S2D11,JA-9-2,750-F,1,6,Ambient,Single
End,JA-9-2,750-F,1,6,Ambient,Single
Initial,JN-5-3,804-42,1,2,Ambient,Single
S1D3,JN-5-3,804-42,1,2,Ambient,Single
S2R1,JN-5-3,804-42,1,2,Ambient,Single
S2D2,JN-5-3,804-42,1,2,Ambient,Single
S2D8,JN-5-3,804-42,1,2,Ambient,Single
S2D11,JN-5-3,804-42,1,2,Ambient,Single
End,JN-5-3,804-42,0,NA,Ambient,Single
Initial,AN-10-1,807-42,1,4,Ambient,Multiple
S1D3,AN-10-1,807-42,1,5,Ambient,Multiple
S2R1,AN-10-1,807-42,1,6,Ambient,Multiple
S2D2,AN-10-1,807-42,1,7,Ambient,Multiple
S2D8,AN-10-1,807-42,1,7,Ambient,Multiple
S2D11,AN-10-1,807-42,1,7,Ambient,Multiple
End,AN-10-1,807-42,1,7,Ambient,Multiple
Initial,AN-10-2,806-42,1,1,Ambient,Multiple
S1D3,AN-10-2,806-42,1,2,Ambient,Multiple
S2R1,AN-10-2,806-42,1,2,Ambient,Multiple
S2D2,AN-10-2,806-42,1,3,Ambient,Multiple
S2D8,AN-10-2,806-42,1,4,Ambient,Multiple
S2D11,AN-10-2,806-42,1,4,Ambient,Multiple
End,AN-10-2,806-42,1,3,Ambient,Multiple
Initial,AN-3-1,743-13,1,2,Ambient,Multiple
S1D3,AN-3-1,743-13,1,2,Ambient,Multiple
S2R1,AN-3-1,743-13,1,3,Ambient,Multiple
S2D2,AN-3-1,743-13,1,3,Ambient,Multiple
S2D8,AN-3-1,743-13,1,3,Ambient,Multiple
S2D11,AN-3-1,743-13,1,3,Ambient,Multiple
End,AN-3-1,743-13,1,3,Ambient,Multiple
Initial,AN-3-2,744-1,1,2,Ambient,Multiple
S1D3,AN-3-2,744-1,1,3,Ambient,Multiple
S2R1,AN-3-2,744-1,1,3,Ambient,Multiple
S2D2,AN-3-2,744-1,1,3,Ambient,Multiple
S2D8,AN-3-2,744-1,1,3,Ambient,Multiple
S2D11,AN-3-2,744-1,1,3,Ambient,Multiple
End,AN-3-2,744-1,0,NA,Ambient,Multiple
Initial,AN-9-1,806-42,1,1,High,Multiple
S1D3,AN-9-1,806-42,1,1,High,Multiple
S2R1,AN-9-1,806-42,1,2,High,Multiple
S2D2,AN-9-1,806-42,1,1,High,Multiple
S2D8,AN-9-1,806-42,1,1,High,Multiple
S2D11,AN-9-1,806-42,1,1,High,Multiple
End,AN-9-1,806-42,0,NA,High,Multiple
Initial,AN-9-2,807-42,1,2,High,Multiple
S1D3,AN-9-2,807-42,1,3,High,Multiple
S2R1,AN-9-2,807-42,1,3,High,Multiple
S2D2,AN-9-2,807-42,1,3,High,Multiple
S2D8,AN-9-2,807-42,1,3,High,Multiple
S2D11,AN-9-2,807-42,0,NA,High,Multiple
End,AN-9-2,807-42,0,NA,High,Multiple
Initial,JN-1-1,813-25,1,3,Ambient,Multiple
S1D3,JN-1-1,813-25,1,4,Ambient,Multiple
S2R1,JN-1-1,813-25,1,4,Ambient,Multiple
S2D2,JN-1-1,813-25,1,3,Ambient,Multiple
S2D8,JN-1-1,813-25,1,5,Ambient,Multiple
S2D11,JN-1-1,813-25,1,4,Ambient,Multiple
End,JN-1-1,813-25,1,4,Ambient,Multiple
Initial,JN-1-2,831-47,1,5,Ambient,Multiple
S1D3,JN-1-2,831-47,1,7,Ambient,Multiple
S2R1,JN-1-2,831-47,1,6,Ambient,Multiple
S2D2,JN-1-2,831-47,1,6,Ambient,Multiple
S2D8,JN-1-2,831-47,1,6,Ambient,Multiple
S2D11,JN-1-2,831-47,0,NA,Ambient,Multiple
End,JN-1-2,831-47,0,NA,Ambient,Multiple
Initial,JN-14-1,742-F,1,4,Ambient,Multiple
S1D3,JN-14-1,742-F,1,4,Ambient,Multiple
S2R1,JN-14-1,742-F,1,4,Ambient,Multiple
S2D2,JN-14-1,742-F,1,4,Ambient,Multiple
S2D8,JN-14-1,742-F,1,4,Ambient,Multiple
S2D11,JN-14-1,742-F,1,4,Ambient,Multiple
End,JN-14-1,742-F,1,5,Ambient,Multiple
Initial,JN-14-2,801-47,1,4,Ambient,Multiple
S1D3,JN-14-2,801-47,1,5,Ambient,Multiple
S2R1,JN-14-2,801-47,1,5,Ambient,Multiple
S2D2,JN-14-2,801-47,1,5,Ambient,Multiple
S2D8,JN-14-2,801-47,1,5,Ambient,Multiple
S2D11,JN-14-2,801-47,1,4,Ambient,Multiple
End,JN-14-2,801-47,1,6,Ambient,Multiple
Initial,JN-22-1,815-25,1,2,Ambient,Multiple
S1D3,JN-22-1,815-25,1,2,Ambient,Multiple
S2R1,JN-22-1,815-25,1,2,Ambient,Multiple
S2D2,JN-22-1,815-25,1,2,Ambient,Multiple
S2D8,JN-22-1,815-25,1,2,Ambient,Multiple
S2D11,JN-22-1,815-25,1,3,Ambient,Multiple
End,JN-22-1,815-25,1,2,Ambient,Multiple
Initial,JN-22-2,807-42,1,6,Ambient,Multiple
S1D3,JN-22-2,807-42,1,6,Ambient,Multiple
S2R1,JN-22-2,807-42,1,6,Ambient,Multiple
S2D2,JN-22-2,807-42,1,6,Ambient,Multiple
S2D8,JN-22-2,807-42,1,6,Ambient,Multiple
S2D11,JN-22-2,807-42,1,6,Ambient,Multiple
End,JN-22-2,807-42,1,6,Ambient,Multiple
Initial,JN-24-1,823-1,1,7,Ambient,Multiple
S1D3,JN-24-1,823-1,1,7,Ambient,Multiple
S2R1,JN-24-1,823-1,1,7,Ambient,Multiple
S2D2,JN-24-1,823-1,1,7,Ambient,Multiple
S2D8,JN-24-1,823-1,1,7,Ambient,Multiple
S2D11,JN-24-1,823-1,1,7,Ambient,Multiple
End,JN-24-1,823-1,1,8,Ambient,Multiple
Initial,JN-24-2,801-47,1,4,Ambient,Multiple
S1D3,JN-24-2,801-47,1,4,Ambient,Multiple
S2R1,JN-24-2,801-47,1,4,Ambient,Multiple
S2D2,JN-24-2,801-47,1,4,Ambient,Multiple
S2D8,JN-24-2,801-47,1,5,Ambient,Multiple
S2D11,JN-24-2,801-47,1,4,Ambient,Multiple
End,JN-24-2,801-47,1,3,Ambient,Multiple
Initial,JN-25-1,821-47,1,5,High,Multiple
S1D3,JN-25-1,821-47,1,6,High,Multiple
S2R1,JN-25-1,821-47,1,6,High,Multiple
S2D2,JN-25-1,821-47,1,6,High,Multiple
S2D8,JN-25-1,821-47,1,6,High,Multiple
S2D11,JN-25-1,821-47,0,NA,High,Multiple
End,JN-25-1,821-47,0,NA,High,Multiple
Initial,JN-25-2,803-42,1,3,High,Multiple
S1D3,JN-25-2,803-42,1,4,High,Multiple
S2R1,JN-25-2,803-42,1,4,High,Multiple
S2D2,JN-25-2,803-42,1,4,High,Multiple
S2D8,JN-25-2,803-42,1,5,High,Multiple
S2D11,JN-25-2,803-42,1,5,High,Multiple
End,JN-25-2,803-42,0,NA,High,Multiple
Initial,JN-27-1,821-47,1,4,Ambient,Multiple
S1D3,JN-27-1,821-47,1,5,Ambient,Multiple
S2R1,JN-27-1,821-47,1,4,Ambient,Multiple
S2D2,JN-27-1,821-47,1,5,Ambient,Multiple
S2D8,JN-27-1,821-47,1,5,Ambient,Multiple
S2D11,JN-27-1,821-47,1,5,Ambient,Multiple
End,JN-27-1,821-47,1,7,Ambient,Multiple
Initial,JN-27-2,806-42,1,3,Ambient,Multiple
S1D3,JN-27-2,806-42,1,3,Ambient,Multiple
S2R1,JN-27-2,806-42,1,4,Ambient,Multiple
S2D2,JN-27-2,806-42,1,4,Ambient,Multiple
S2D8,JN-27-2,806-42,1,5,Ambient,Multiple
S2D11,JN-27-2,806-42,0,NA,Ambient,Multiple
End,JN-27-2,806-42,0,NA,Ambient,Multiple
Initial,JN-4-1,750-F,1,3,High,Multiple
S1D3,JN-4-1,750-F,1,3,High,Multiple
S2R1,JN-4-1,750-F,1,3,High,Multiple
S2D2,JN-4-1,750-F,1,2,High,Multiple
S2D8,JN-4-1,750-F,1,2,High,Multiple
S2D11,JN-4-1,750-F,0,NA,High,Multiple
End,JN-4-1,750-F,0,NA,High,Multiple
Initial,JN-4-3,804-42,1,4,High,Multiple
S1D3,JN-4-3,804-42,1,4,High,Multiple
S2R1,JN-4-3,804-42,1,4,High,Multiple
S2D2,JN-4-3,804-42,1,4,High,Multiple
S2D8,JN-4-3,804-42,1,4,High,Multiple
S2D11,JN-4-3,804-42,0,NA,High,Multiple
End,JN-4-3,804-42,0,NA,High,Multiple
Initial,AN-2-1,806-42,1,3,Ambient,Multiple
S1D3,AN-2-1,806-42,1,4,Ambient,Multiple
S2R1,AN-2-1,806-42,1,4,Ambient,Multiple
S2D2,AN-2-1,806-42,1,4,Ambient,Multiple
S2D8,AN-2-1,806-42,1,4,Ambient,Multiple
S2D11,AN-2-1,806-42,1,4,Ambient,Multiple
End,AN-2-1,806-42,0,NA,Ambient,Multiple
Initial,AN-2-2,743-13,1,2,Ambient,Multiple
S1D3,AN-2-2,743-13,1,5,Ambient,Multiple
S2R1,AN-2-2,743-13,1,5,Ambient,Multiple
S2D2,AN-2-2,743-13,1,5,Ambient,Multiple
S2D8,AN-2-2,743-13,1,6,Ambient,Multiple
S2D11,AN-2-2,743-13,1,6,Ambient,Multiple
End,AN-2-2,743-13,1,6,Ambient,Multiple
Initial,AN-2-3,744-1,1,2,Ambient,Multiple
S1D3,AN-2-3,744-1,1,2,Ambient,Multiple
S2R1,AN-2-3,744-1,1,2,Ambient,Multiple
S2D2,AN-2-3,744-1,1,1,Ambient,Multiple
S2D8,AN-2-3,744-1,1,2,Ambient,Multiple
S2D11,AN-2-3,744-1,1,1,Ambient,Multiple
End,AN-2-3,744-1,1,1,Ambient,Multiple
Initial,AN-2-4,802-42,1,1,Ambient,Multiple
S1D3,AN-2-4,802-42,1,4,Ambient,Multiple
S2R1,AN-2-4,802-42,1,4,Ambient,Multiple
S2D2,AN-2-4,802-42,1,4,Ambient,Multiple
S2D8,AN-2-4,802-42,1,4,Ambient,Multiple
S2D11,AN-2-4,802-42,0,NA,Ambient,Multiple
End,AN-2-4,802-42,0,NA,Ambient,Multiple
End,AN-6-1,802-42,1,4,High,Multiple
Initial,AN-6-1,802-42,1,4,High,Multiple
S1D3,AN-6-1,802-42,1,4,High,Multiple
S2D11,AN-6-1,802-42,1,4,High,Multiple
S2D2,AN-6-1,802-42,1,4,High,Multiple
S2D8,AN-6-1,802-42,1,4,High,Multiple
S2R1,AN-6-1,802-42,1,4,High,Multiple
Initial,AN-6-2,807-42,1,2,High,Multiple
S1D3,AN-6-2,807-42,1,3,High,Multiple
S2R1,AN-6-2,807-42,1,3,High,Multiple
S2D2,AN-6-2,807-42,1,3,High,Multiple
S2D8,AN-6-2,807-42,1,3,High,Multiple
S2D11,AN-6-2,807-42,0,NA,High,Multiple
End,AN-6-2,807-42,0,NA,High,Multiple
Initial,AN-6-3,806-42,1,1,High,Multiple
S1D3,AN-6-3,806-42,1,2,High,Multiple
S2R1,AN-6-3,806-42,1,2,High,Multiple
S2D2,AN-6-3,806-42,1,2,High,Multiple
S2D8,AN-6-3,806-42,1,2,High,Multiple
S2D11,AN-6-3,806-42,1,1,High,Multiple
End,AN-6-3,806-42,1,1,High,Multiple
S1D3,JN-10-1,742-F,1,4,Ambient,Multiple
S2R1,JN-10-1,742-F,1,4,Ambient,Multiple
S2D2,JN-10-1,742-F,1,4,Ambient,Multiple
S2D8,JN-10-1,742-F,1,6,Ambient,Multiple
S2D11,JN-10-1,742-F,1,6,Ambient,Multiple
End,JN-10-1,742-F,1,6,Ambient,Multiple
S1D3,JN-10-2,801-47,1,5,Ambient,Multiple
S2R1,JN-10-2,801-47,1,5,Ambient,Multiple
S2D2,JN-10-2,801-47,1,5,Ambient,Multiple
S2D8,JN-10-2,801-47,1,5,Ambient,Multiple
S2D11,JN-10-2,801-47,1,6,Ambient,Multiple
End,JN-10-2,801-47,1,6,Ambient,Multiple
S1D3,JN-10-3,824-1,1,7,Ambient,Multiple
S2R1,JN-10-3,824-1,1,7,Ambient,Multiple
S2D2,JN-10-3,824-1,1,7,Ambient,Multiple
S2D8,JN-10-3,824-1,1,7,Ambient,Multiple
S2D11,JN-10-3,824-1,1,7,Ambient,Multiple
End,JN-10-3,824-1,1,8,Ambient,Multiple
S1D3,JN-10-4,821-47,1,5,Ambient,Multiple
S2R1,JN-10-4,821-47,1,4,Ambient,Multiple
S2D2,JN-10-4,821-47,1,5,Ambient,Multiple
S2D8,JN-10-4,821-47,1,6,Ambient,Multiple
S2D11,JN-10-4,821-47,1,6,Ambient,Multiple
End,JN-10-4,821-47,1,5,Ambient,Multiple
Initial,JN-11-1,821-47,1,3,High,Multiple
S1D3,JN-11-1,821-47,1,3,High,Multiple
S2R1,JN-11-1,821-47,1,3,High,Multiple
S2D2,JN-11-1,821-47,1,3,High,Multiple
S2D8,JN-11-1,821-47,1,3,High,Multiple
S2D11,JN-11-1,821-47,0,NA,High,Multiple
End,JN-11-1,821-47,0,NA,High,Multiple
Initial,JN-11-2,824-1,1,4,High,Multiple
S1D3,JN-11-2,824-1,1,4,High,Multiple
S2R1,JN-11-2,824-1,1,4,High,Multiple
S2D2,JN-11-2,824-1,1,4,High,Multiple
S2D8,JN-11-2,824-1,1,4,High,Multiple
S2D11,JN-11-2,824-1,0,NA,High,Multiple
End,JN-11-2,824-1,0,NA,High,Multiple
Initial,JN-11-3,801-47,1,5,High,Multiple
S1D3,JN-11-3,801-47,1,5,High,Multiple
S2R1,JN-11-3,801-47,1,5,High,Multiple
S2D2,JN-11-3,801-47,1,5,High,Multiple
S2D8,JN-11-3,801-47,1,3,High,Multiple
S2D11,JN-11-3,801-47,1,3,High,Multiple
End,JN-11-3,801-47,0,NA,High,Multiple
Initial,JN-11-4,742-F,1,5,High,Multiple
S1D3,JN-11-4,742-F,1,5,High,Multiple
S2R1,JN-11-4,742-F,1,5,High,Multiple
S2D2,JN-11-4,742-F,1,4,High,Multiple
S2D8,JN-11-4,742-F,1,4,High,Multiple
S2D11,JN-11-4,742-F,0,NA,High,Multiple
End,JN-11-4,742-F,0,NA,High,Multiple
Initial,JN-12-1,824-1,1,6,Ambient,Multiple
S1D3,JN-12-1,824-1,1,6,Ambient,Multiple
S2R1,JN-12-1,824-1,1,6,Ambient,Multiple
S2D2,JN-12-1,824-1,1,6,Ambient,Multiple
S2D8,JN-12-1,824-1,1,6,Ambient,Multiple
S2D11,JN-12-1,824-1,1,6,Ambient,Multiple
End,JN-12-1,824-1,1,7,Ambient,Multiple
Initial,JN-12-2,821-47,1,4,Ambient,Multiple
S1D3,JN-12-2,821-47,1,5,Ambient,Multiple
S2R1,JN-12-2,821-47,1,5,Ambient,Multiple
S2D2,JN-12-2,821-47,1,5,Ambient,Multiple
S2D8,JN-12-2,821-47,1,7,Ambient,Multiple
S2D11,JN-12-2,821-47,1,6,Ambient,Multiple
End,JN-12-2,821-47,1,6,Ambient,Multiple
Initial,JN-12-3,742-F,1,4,Ambient,Multiple
S1D3,JN-12-3,742-F,1,3,Ambient,Multiple
S2R1,JN-12-3,742-F,1,3,Ambient,Multiple
S2D2,JN-12-3,742-F,1,3,Ambient,Multiple
S2D8,JN-12-3,742-F,1,4,Ambient,Multiple
S2D11,JN-12-3,742-F,1,4,Ambient,Multiple
End,JN-12-3,742-F,1,5,Ambient,Multiple
Initial,JN-12-4,801-47,1,3,Ambient,Multiple
S1D3,JN-12-4,801-47,1,3,Ambient,Multiple
S2R1,JN-12-4,801-47,1,3,Ambient,Multiple
S2D2,JN-12-4,801-47,1,3,Ambient,Multiple
S2D8,JN-12-4,801-47,1,3,Ambient,Multiple
S2D11,JN-12-4,801-47,1,3,Ambient,Multiple
End,JN-12-4,801-47,1,3,Ambient,Multiple
Initial,JN-13-1,801-47,1,2,High,Multiple
S1D3,JN-13-1,801-47,1,2,High,Multiple
S2R1,JN-13-1,801-47,1,2,High,Multiple
S2D2,JN-13-1,801-47,1,2,High,Multiple
S2D8,JN-13-1,801-47,1,2,High,Multiple
S2D11,JN-13-1,801-47,1,2,High,Multiple
End,JN-13-1,801-47,0,NA,High,Multiple
Initial,JN-13-2,742-F,1,4,High,Multiple
S1D3,JN-13-2,742-F,1,4,High,Multiple
S2R1,JN-13-2,742-F,1,4,High,Multiple
S2D2,JN-13-2,742-F,1,4,High,Multiple
S2D8,JN-13-2,742-F,1,1,High,Multiple
S2D11,JN-13-2,742-F,0,NA,High,Multiple
End,JN-13-2,742-F,0,NA,High,Multiple
Initial,JN-13-3,824-1,1,4,High,Multiple
S1D3,JN-13-3,824-1,1,5,High,Multiple
S2R1,JN-13-3,824-1,1,5,High,Multiple
S2D2,JN-13-3,824-1,1,5,High,Multiple
S2D8,JN-13-3,824-1,1,4,High,Multiple
S2D11,JN-13-3,824-1,1,4,High,Multiple
End,JN-13-3,824-1,0,NA,High,Multiple
Initial,JN-18-1,815-25,1,1,Ambient,Multiple
S1D3,JN-18-1,815-25,1,1,Ambient,Multiple
S2R1,JN-18-1,815-25,1,1,Ambient,Multiple
S2D2,JN-18-1,815-25,1,1,Ambient,Multiple
S2D8,JN-18-1,815-25,1,1,Ambient,Multiple
S2D11,JN-18-1,815-25,1,1,Ambient,Multiple
End,JN-18-1,815-25,1,1,Ambient,Multiple
Initial,JN-18-2,802-42,1,3,Ambient,Multiple
S1D3,JN-18-2,802-42,1,3,Ambient,Multiple
S2R1,JN-18-2,802-42,1,3,Ambient,Multiple
S2D2,JN-18-2,802-42,1,4,Ambient,Multiple
S2D8,JN-18-2,802-42,1,6,Ambient,Multiple
S2D11,JN-18-2,802-42,1,5,Ambient,Multiple
End,JN-18-2,802-42,1,6,Ambient,Multiple
Initial,JN-18-3,807-42,1,6,Ambient,Multiple
S1D3,JN-18-3,807-42,1,7,Ambient,Multiple
S2R1,JN-18-3,807-42,1,8,Ambient,Multiple
S2D2,JN-18-3,807-42,1,8,Ambient,Multiple
S2D8,JN-18-3,807-42,1,8,Ambient,Multiple
S2D11,JN-18-3,807-42,1,8,Ambient,Multiple
End,JN-18-3,807-42,1,8,Ambient,Multiple
Initial,JN-19-1,806-42,1,1,High,Multiple
S1D3,JN-19-1,806-42,1,2,High,Multiple
S2R1,JN-19-1,806-42,1,2,High,Multiple
S2D2,JN-19-1,806-42,1,2,High,Multiple
S2D8,JN-19-1,806-42,1,2,High,Multiple
S2D11,JN-19-1,806-42,0,NA,High,Multiple
End,JN-19-1,806-42,0,NA,High,Multiple
Initial,JN-19-3,815-25,1,1,High,Multiple
S1D3,JN-19-3,815-25,1,1,High,Multiple
S2R1,JN-19-3,815-25,1,1,High,Multiple
S2D2,JN-19-3,815-25,1,1,High,Multiple
S2D8,JN-19-3,815-25,0,NA,High,Multiple
S2D11,JN-19-3,815-25,0,NA,High,Multiple
End,JN-19-3,815-25,0,NA,High,Multiple
Initial,JN-19-4,807-42,1,6,High,Multiple
S1D3,JN-19-4,807-42,1,6,High,Multiple
S2R1,JN-19-4,807-42,1,7,High,Multiple
S2D2,JN-19-4,807-42,1,7,High,Multiple
S2D8,JN-19-4,807-42,1,7,High,Multiple
S2D11,JN-19-4,807-42,0,NA,High,Multiple
End,JN-19-4,807-42,0,NA,High,Multiple
Initial,JN-20-1,813-25,1,7,High,Multiple
S1D3,JN-20-1,813-25,1,8,High,Multiple
S2R1,JN-20-1,813-25,1,8,High,Multiple
S2D2,JN-20-1,813-25,1,8,High,Multiple
S2D8,JN-20-1,813-25,1,8,High,Multiple
S2D11,JN-20-1,813-25,1,1,High,Multiple
End,JN-20-1,813-25,1,1,High,Multiple
Initial,JN-20-3,815-25,1,2,High,Multiple
S1D3,JN-20-3,815-25,1,2,High,Multiple
S2R1,JN-20-3,815-25,1,2,High,Multiple
S2D2,JN-20-3,815-25,0,NA,High,Multiple
S2D8,JN-20-3,815-25,0,NA,High,Multiple
S2D11,JN-20-3,815-25,0,NA,High,Multiple
End,JN-20-3,815-25,0,NA,High,Multiple
Initial,JN-20-4,807-42,1,5,High,Multiple
S1D3,JN-20-4,807-42,1,6,High,Multiple
S2R1,JN-20-4,807-42,1,6,High,Multiple
S2D2,JN-20-4,807-42,1,6,High,Multiple
S2D8,JN-20-4,807-42,1,6,High,Multiple
S2D11,JN-20-4,807-42,0,NA,High,Multiple
End,JN-20-4,807-42,0,NA,High,Multiple
Initial,JN-26-1,823-1,1,7,High,Multiple
S1D3,JN-26-1,823-1,1,7,High,Multiple
S2R1,JN-26-1,823-1,1,7,High,Multiple
S2D2,JN-26-1,823-1,1,7,High,Multiple
S2D8,JN-26-1,823-1,1,7,High,Multiple
S2D11,JN-26-1,823-1,1,3,High,Multiple
End,JN-26-1,823-1,0,NA,High,Multiple
Initial,JN-26-2,806-42,1,2,High,Multiple
S1D3,JN-26-2,806-42,1,3,High,Multiple
S2R1,JN-26-2,806-42,1,2,High,Multiple
S2D2,JN-26-2,806-42,1,2,High,Multiple
S2D8,JN-26-2,806-42,1,2,High,Multiple
S2D11,JN-26-2,806-42,0,NA,High,Multiple
End,JN-26-2,806-42,0,NA,High,Multiple
Initial,JN-26-3,815-25,1,2,High,Multiple
S1D3,JN-26-3,815-25,1,2,High,Multiple
S2R1,JN-26-3,815-25,1,2,High,Multiple
S2D2,JN-26-3,815-25,1,3,High,Multiple
S2D8,JN-26-3,815-25,1,2,High,Multiple
S2D11,JN-26-3,815-25,0,NA,High,Multiple
End,JN-26-3,815-25,0,NA,High,Multiple
Initial,JN-3-1,813-25,1,4,High,Multiple
S1D3,JN-3-1,813-25,1,5,High,Multiple
S2R1,JN-3-1,813-25,1,6,High,Multiple
S2D2,JN-3-1,813-25,1,6,High,Multiple
S2D8,JN-3-1,813-25,1,6,High,Multiple
S2D11,JN-3-1,813-25,1,2,High,Multiple
End,JN-3-1,813-25,0,NA,High,Multiple
Initial,JN-3-2,831-47,1,5,High,Multiple
S1D3,JN-3-2,831-47,1,6,High,Multiple
S2R1,JN-3-2,831-47,1,6,High,Multiple
S2D2,JN-3-2,831-47,1,6,High,Multiple
S2D8,JN-3-2,831-47,1,6,High,Multiple
S2D11,JN-3-2,831-47,1,3,High,Multiple
End,JN-3-2,831-47,0,NA,High,Multiple
Initial,JN-3-3,741-F,1,2,High,Multiple
S1D3,JN-3-3,741-F,1,2,High,Multiple
S2R1,JN-3-3,741-F,1,2,High,Multiple
S2D2,JN-3-3,741-F,1,2,High,Multiple
S2D8,JN-3-3,741-F,1,2,High,Multiple
S2D11,JN-3-3,741-F,0,NA,High,Multiple
End,JN-3-3,741-F,0,NA,High,Multiple
Initial,JN-9-1,801-47,1,4,High,Multiple
S1D3,JN-9-1,801-47,1,4,High,Multiple
S2R1,JN-9-1,801-47,1,4,High,Multiple
S2D2,JN-9-1,801-47,1,4,High,Multiple
S2D8,JN-9-1,801-47,1,5,High,Multiple
S2D11,JN-9-1,801-47,0,NA,High,Multiple
End,JN-9-1,801-47,0,NA,High,Multiple
Initial,JN-9-2,742-F,1,4,High,Multiple
S1D3,JN-9-2,742-F,1,4,High,Multiple
S2R1,JN-9-2,742-F,1,3,High,Multiple
S2D2,JN-9-2,742-F,1,3,High,Multiple
S2D8,JN-9-2,742-F,1,4,High,Multiple
S2D11,JN-9-2,742-F,1,4,High,Multiple
End,JN-9-2,742-F,0,NA,High,Multiple
Initial,JN-9-3,821-47,1,6,High,Multiple
S1D3,JN-9-3,821-47,1,6,High,Multiple
S2R1,JN-9-3,821-47,1,7,High,Multiple
S2D2,JN-9-3,821-47,1,7,High,Multiple
S2D8,JN-9-3,821-47,1,5,High,Multiple
S2D11,JN-9-3,821-47,1,2,High,Multiple
End,JN-9-3,821-47,0,NA,High,Multiple
Initial,JN-9-4,824-1,1,5,High,Multiple
S1D3,JN-9-4,824-1,1,5,High,Multiple
S2R1,JN-9-4,824-1,1,5,High,Multiple
S2D2,JN-9-4,824-1,1,5,High,Multiple
S2D8,JN-9-4,824-1,1,4,High,Multiple
S2D11,JN-9-4,824-1,0,NA,High,Multiple
End,JN-9-4,824-1,0,NA,High,Multiple
Initial,AN-1-1,806-42,1,3,High,Multiple
S1D3,AN-1-1,806-42,1,3,High,Multiple
S2R1,AN-1-1,806-42,1,3,High,Multiple
S2D2,AN-1-1,806-42,1,4,High,Multiple
S2D8,AN-1-1,806-42,1,4,High,Multiple
S2D11,AN-1-1,806-42,0,NA,High,Multiple
End,AN-1-1,806-42,0,NA,High,Multiple
Initial,AN-1-2,743-13,1,2,High,Multiple
S1D3,AN-1-2,743-13,1,3,High,Multiple
S2R1,AN-1-2,743-13,1,3,High,Multiple
S2D2,AN-1-2,743-13,1,3,High,Multiple
S2D8,AN-1-2,743-13,1,3,High,Multiple
S2D11,AN-1-2,743-13,1,3,High,Multiple
End,AN-1-2,743-13,0,NA,High,Multiple
Initial,AN-1-3,744-1,1,3,High,Multiple
S1D3,AN-1-3,744-1,1,3,High,Multiple
S2R1,AN-1-3,744-1,1,3,High,Multiple
S2D2,AN-1-3,744-1,1,3,High,Multiple
S2D8,AN-1-3,744-1,1,3,High,Multiple
S2D11,AN-1-3,744-1,0,NA,High,Multiple
End,AN-1-3,744-1,0,NA,High,Multiple
Initial,AN-1-4,807-42,1,2,High,Multiple
S1D3,AN-1-4,807-42,1,2,High,Multiple
S2R1,AN-1-4,807-42,1,2,High,Multiple
S2D2,AN-1-4,807-42,1,3,High,Multiple
S2D8,AN-1-4,807-42,1,3,High,Multiple
S2D11,AN-1-4,807-42,1,3,High,Multiple
End,AN-1-4,807-42,0,NA,High,Multiple
Initial,JN-28-1,823-1,1,4,High,Multiple
S1D3,JN-28-1,823-1,1,5,High,Multiple
S2R1,JN-28-1,823-1,1,5,High,Multiple
S2D2,JN-28-1,823-1,1,5,High,Multiple
S2D8,JN-28-1,823-1,1,5,High,Multiple
S2D11,JN-28-1,823-1,0,NA,High,Multiple
End,JN-28-1,823-1,0,NA,High,Multiple
Initial,JN-28-2,807-42,1,6,High,Multiple
S1D3,JN-28-2,807-42,1,6,High,Multiple
S2R1,JN-28-2,807-42,1,6,High,Multiple
S2D2,JN-28-2,807-42,1,6,High,Multiple
S2D8,JN-28-2,807-42,1,6,High,Multiple
S2D11,JN-28-2,807-42,0,NA,High,Multiple
End,JN-28-2,807-42,0,NA,High,Multiple
Initial,JN-28-3,806-42,1,3,High,Multiple
S1D3,JN-28-3,806-42,1,3,High,Multiple
S2R1,JN-28-3,806-42,1,3,High,Multiple
S2D2,JN-28-3,806-42,1,3,High,Multiple
S2D8,JN-28-3,806-42,0,NA,High,Multiple
S2D11,JN-28-3,806-42,0,NA,High,Multiple
End,JN-28-3,806-42,0,NA,High,Multiple
Initial,JN-28-4,802-42,1,2,High,Multiple
S1D3,JN-28-4,802-42,1,4,High,Multiple
S2R1,JN-28-4,802-42,1,2,High,Multiple
S2D2,JN-28-4,802-42,1,2,High,Multiple
S2D8,JN-28-4,802-42,1,2,High,Multiple
S2D11,JN-28-4,802-42,0,NA,High,Multiple
End,JN-28-4,802-42,0,NA,High,Multiple